Designator,Val,Package,Mid X,Mid Y,Rotation,Layer
C2,1uF,C_0603_1608Metric_Pad1.08x0.95mm_HandSolder,63.55,-110,270,bottom
C5,10uF,C_0603_1608Metric_Pad1.08x0.95mm_HandSolder,68.3,-117.25,0,bottom
C6,.1uF,C_0603_1608Metric_Pad1.08x0.95mm_HandSolder,76.85,-117.25,180,bottom
C7,.1uF,C_0603_1608Metric_Pad1.08x0.95mm_HandSolder,80.05,-103.3875,90,bottom
C8,.1uF,C_0603_1608Metric_Pad1.08x0.95mm_HandSolder,70.2,-101.3,0,bottom
CC1,22pF,C_0603_1608Metric_Pad1.08x0.95mm_HandSolder,74.45,-91.05,90,bottom
CC2,22pF,C_0603_1608Metric_Pad1.08x0.95mm_HandSolder,71.65,-91.05,90,bottom
D1,SOD-123,D_SOD-123,39.6875,-77.7875,90,bottom
D2,SOD-123,D_SOD-123,58.7375,-77.7875,90,bottom
D3,SOD-123,D_SOD-123,87.3125,-77.7875,90,bottom
D4,SOD-123,D_SOD-123,106.3625,-77.7875,90,bottom
D5,SOD-123,D_SOD-123,125.4125,-77.7875,90,bottom
D6,SOD-123,D_SOD-123,144.4625,-77.7875,90,bottom
D7,SOD-123,D_SOD-123,163.5125,-77.7875,90,bottom
D8,SOD-123,D_SOD-123,182.5625,-77.7875,90,bottom
D9,SOD-123,D_SOD-123,201.6125,-77.7875,90,bottom
D10,SOD-123,D_SOD-123,220.6625,-77.7875,90,bottom
D11,SOD-123,D_SOD-123,239.7125,-77.7875,90,bottom
D12,SOD-123,D_SOD-123,258.7625,-77.7875,90,bottom
D13,SOD-123,D_SOD-123,277.8125,-77.85,90,bottom
D14,SOD-123,D_SOD-123,296.8625,-77.7875,90,bottom
D15,SOD-123,D_SOD-123,315.9125,-77.7875,90,bottom
D16,SOD-123,D_SOD-123,335.75625,-77.7875,90,bottom
D17,SOD-123,D_SOD-123,357.98125,-77.7875,90,bottom
D18,SOD-123,D_SOD-123,382.7,-77.7875,90,bottom
D19,SOD-123,D_SOD-123,39.6875,-96.8375,90,bottom
D20,SOD-123,D_SOD-123,58.7375,-96.8375,90,bottom
D21,SOD-123,D_SOD-123,92.075,-96.8375,90,bottom
D22,SOD-123,D_SOD-123,115.8875,-96.8375,90,bottom
D23,SOD-123,D_SOD-123,134.9375,-96.775,90,bottom
D24,SOD-123,D_SOD-123,153.9875,-96.8375,90,bottom
D25,SOD-123,D_SOD-123,173.0375,-96.8375,90,bottom
D26,SOD-123,D_SOD-123,192.0875,-96.8375,90,bottom
D27,SOD-123,D_SOD-123,211.1375,-96.8375,90,bottom
D28,SOD-123,D_SOD-123,230.1875,-96.8375,90,bottom
D29,SOD-123,D_SOD-123,249.2375,-96.8375,90,bottom
D30,SOD-123,D_SOD-123,268.2875,-96.8375,90,bottom
D31,SOD-123,D_SOD-123,287.3375,-96.8375,90,bottom
D32,SOD-123,D_SOD-123,306.3875,-96.8375,90,bottom
D33,SOD-123,D_SOD-123,325.4375,-96.8375,90,bottom
D34,SOD-123,D_SOD-123,349.25,-96.8375,90,bottom
D35,SOD-123,D_SOD-123,382.7,-96.8375,90,bottom
D36,SOD-123,D_SOD-123,39.6875,-115.8875,90,bottom
D37,SOD-123,D_SOD-123,58.7375,-115.8875,90,bottom
D38,SOD-123,D_SOD-123,92.075,-115.8875,90,bottom
D39,SOD-123,D_SOD-123,120.65,-115.8875,90,bottom
D40,SOD-123,D_SOD-123,139.7,-115.8875,90,bottom
D41,SOD-123,D_SOD-123,158.75,-115.8875,90,bottom
D42,SOD-123,D_SOD-123,177.8,-115.8875,90,bottom
D43,SOD-123,D_SOD-123,196.85,-115.8875,90,bottom
D44,SOD-123,D_SOD-123,215.9,-115.8875,90,bottom
D45,SOD-123,D_SOD-123,234.95,-115.8875,90,bottom
D46,SOD-123,D_SOD-123,254,-115.8875,90,bottom
D47,SOD-123,D_SOD-123,273.05,-115.8875,90,bottom
D48,SOD-123,D_SOD-123,292.1,-115.8875,90,bottom
D49,SOD-123,D_SOD-123,311.15,-115.8875,90,bottom
D50,SOD-123,D_SOD-123,333.375,-115.8875,90,bottom
D51,SOD-123,D_SOD-123,349.25,-114.3,90,bottom
D52,SOD-123,D_SOD-123,382.7,-115.8875,90,bottom
D53,SOD-123,D_SOD-123,39.6875,-134.9375,90,bottom
D54,SOD-123,D_SOD-123,58.7375,-134.9375,90,bottom
D55,SOD-123,D_SOD-123,99.21875,-134.9375,90,bottom
D56,SOD-123,D_SOD-123,113.75,-134.9375,90,bottom
D57,SOD-123,D_SOD-123,130.175,-134.9375,90,bottom
D58,SOD-123,D_SOD-123,149.225,-134.9375,90,bottom
D59,SOD-123,D_SOD-123,168.275,-134.9375,90,bottom
D60,SOD-123,D_SOD-123,187.325,-134.9375,90,bottom
D61,SOD-123,D_SOD-123,206.375,-134.9375,90,bottom
D62,SOD-123,D_SOD-123,225.425,-134.9375,90,bottom
D63,SOD-123,D_SOD-123,244.475,-134.9375,90,bottom
D64,SOD-123,D_SOD-123,263.525,-134.9375,90,bottom
D65,SOD-123,D_SOD-123,282.575,-134.9375,90,bottom
D66,SOD-123,D_SOD-123,301.625,-134.9375,90,bottom
D67,SOD-123,D_SOD-123,327.81875,-134.9375,90,bottom
D68,SOD-123,D_SOD-123,359,-139.9,90,bottom
D69,SOD-123,D_SOD-123,382.7,-134.9,90,bottom
D70,SOD-123,D_SOD-123,39.6875,-153.9875,90,bottom
D71,SOD-123,D_SOD-123,58.7375,-153.9875,90,bottom
D72,SOD-123,D_SOD-123,92.25,-153.9875,90,bottom
D73,SOD-123,D_SOD-123,115.75,-153.9875,90,bottom
D74,SOD-123,D_SOD-123,127.75,-153.9875,90,bottom
D75,SOD-123,D_SOD-123,175.5,-154.05,90,bottom
D76,SOD-123,D_SOD-123,204,-153.9875,90,bottom
D77,SOD-123,D_SOD-123,270.75,-154.05,90,bottom
D78,SOD-123,D_SOD-123,282.575,-153.9875,90,bottom
D79,SOD-123,D_SOD-123,313.53125,-153.9875,90,bottom
D80,SOD-123,D_SOD-123,339.8,-158.9,90,bottom
D81,SOD-123,D_SOD-123,359,-158.9,90,bottom
D82,SOD-123,D_SOD-123,378,-158.9,90,bottom
F1,Polyfuse_Small,Fuse_1206_3216Metric_Pad1.42x1.75mm_HandSolder,68.1,-80.35,0,bottom
JST2,SM04B-SRSS-TB_04,JST_SH_SM04B-SRSS-TB_1x04-1MP_P1.00mm_Horizontal,75.43125,-83.85,270,bottom
RC1,22,R_0603_1608Metric_Pad0.98x0.95mm_HandSolder,63.35,-83.1,0,bottom
RC2,22,R_0603_1608Metric_Pad0.98x0.95mm_HandSolder,63.35,-84.6,180,bottom
RC3,R_Small,R_0603_1608Metric_Pad0.98x0.95mm_HandSolder,71.5,-134.75,180,bottom
RC4,10k,R_0603_1608Metric_Pad0.98x0.95mm_HandSolder,80.3,-114.75,90,bottom
SW1,SW_Push,SKQGADE010,73.81875,-130.96875,0,bottom
U1,ATmega32U4-AU,TQFP-44_10x10mm_P0.8mm,72.61875,-109.5375,0,bottom
U4,PRTR5V0U2X,SOT143B,68.74375,-83.8375,90,bottom
Y1,16MHz,Crystal_SMD_3225-4Pin_3.2x2.5mm_HandSoldering,73.0625,-95.61875,180,bottom
