Comment,Designator,Footprint,LCSC
1uF,C2,Capacitor_SMD:C_0603_1608Metric_Pad1.08x0.95mm_HandSolder,C15849
10uF,C5,Capacitor_SMD:C_0603_1608Metric_Pad1.08x0.95mm_HandSolder,C19702
.1uF,"C6,C7,C8",Capacitor_SMD:C_0603_1608Metric_Pad1.08x0.95mm_HandSolder,C14663
22pF,"CC1,CC2",Capacitor_SMD:C_0603_1608Metric_Pad1.08x0.95mm_HandSolder,C1653
SOD-123,"D1,D2,D3,D4,D5,D6,D7,D8,D9,D10,D11,D12,D13,D14,D15,D16,D17,D18,D19,D20,D21,D22,D23,D24,D25,D26,D27,D28,D29,D30,D31,D32,D33,D34,D35,D36,D37,D38,D39,D40,D41,D42,D43,D44,D45,D46,D47,D48,D49,D50,D51,D52,D53,D54,D55,D56,D57,D58,D59,D60,D61,D62,D63,D64,D65,D66,D67,D68,D69,D70,D71,D72,D73,D74,D75,D76,D77,D78,D79,D80,D81,D82",Diode_SMD:D_SOD-123,C81598
Polyfuse_Small,F1,Fuse:Fuse_1206_3216Metric_Pad1.42x1.75mm_HandSolder,C315893
SM04B-SRSS-TB_04,JST2,Connector_JST:JST_SH_SM04B-SRSS-TB_1x04-1MP_P1.00mm_Horizontal, C160404
22,"RC1,RC2",Resistor_SMD:R_0603_1608Metric_Pad0.98x0.95mm_HandSolder,C23345
10k,"RC3,RC4",Resistor_SMD:R_0603_1608Metric_Pad0.98x0.95mm_HandSolder,C25804
MX_Alps-1.75U,SW-3800CAPS1,Alps_Only:ALPS-1.5U,
MX_Alps-2.25U,"SW-ANSIEN1,SW-SPACE225",Alps_Only:ALPS-2.25U,
MX_Alps-2U,SW-BKSP1,Alps_Only:ALPS-2U,
MX_Alps-1.75U,"SW-CAPS1,SW-RSHFT1",Alps_Only:ALPS-1.75U,
MX_Alps-ISO,SW-ISOEN1,Alps_Only:ALPS-ISO-FLIPPED,
MX_Alps-1.25U,"SW-LCTRL1,SW-LWIN1,SW-LALT1,SW-LSHIFT2,SW-RALT2,SW-RCTRL2,SW-LALT3",Alps_Only:ALPS-1.25U,
MX_Alps-1U,SW-LSHIFT1,Alps_Only:ALPS-2.25U,
MX_Alps-1.U,SW-LWIN3,Alps_Only:ALPS-1U,
MX_Alps-1U,"SW-0,SW-ESC1,SW-1,SW--1,SW-=1,SW-\1,SW-`1,SW-DEL1,SW-Q1,SW-W1,SW-E1,SW-R1,SW-T1,SW-Y1,SW-U1,SW-I1,SW-O1,SW-P1,SW-[1,SW-]1,SW-PGUP1,SW-A1,SW-S1,SW-D1,SW-F1,SW-G1,SW-H1,SW-J1,SW-K1,SW-L1,SW-;1,SW-'1,SW-#1,SW-PGDN1,SW-Z1,SW-X1,SW-C1,SW-V1,SW-B1,SW-N1,SW-,1,SW-.1,SW-/1,SW-UP1,SW-END1,SW-LEFT1,SW-DOWN1,SW-RIGHT1,SW-M1,SW-MENU1,SW-2,SW-M2,SW-LWIN2,SW-MENU2,SW-3,SW-\3,SW-M3,SW-M4,SW-4,SW-M5,SW-5,SW-M6,SW-6,SW-M7,SW-7,SW-M8,SW-8,SW-M9,SW-9,SW-M10,SW-M11",Alps_Only:ALPS-1U,
MX_Alps-2.75U,SW-SPACE275,Alps_Only:ALPS-2.75U,
MX_Alps-6U,SW-SPACE6,MX_Alps_Hybrid:MX-6U-Centered-ReversedStabilizers-NoLED,
MX_Alps-6.25U,SW-SPACE625,Alps_Only:ALPS-6.25U,
MX_Alps-7U,SW-SPACE7,Alps_Only:ALPS-7U,
MX_Alps-1.75U,SW-STEPCAPS1,Alps_Only:ALPS-1.25U,
MX_Alps-1.5U,"SW-TAB1,SW-RALT1,SW-RCTRL1,SW-\2,SW-LCTRL2,SW-LALT2,SW-RALT3,SW-LALT4",Alps_Only:ALPS-1.5U,
SW_Push,SW1,random-keyboard-parts:SKQGADE010,C116647
Stab-2.25U,"Stab-225U1,Stab-225U2,Stab-225U3",MX_Alps_Hybrid:MX-2.25U-Stab-Only,
Stab-2.75U,Stab-275U1,MX_Alps_Hybrid:MX-2.75U-Stab-Only,
Stab-2U,Stab-2U1,MX_Alps_Hybrid:MX-2U-Stab-Only,
Stab-6.25U,Stab-625U1,MX_Alps_Hybrid:MX-6.25U-Stab-Only-Reversed,
Stab-7U,Stab-7U1,MX_Alps_Hybrid:MX-7U-Stab-Only-Reversed,
ATmega32U4-MU,U1,Package_DFN_QFN:QFN-44-1EP_7x7mm_P0.5mm_EP5.15x5.15mm,C112161
PRTR5V0U2X,U4,random-keyboard-parts:SOT143B,C12333
16MHz,Y1,Crystal:Crystal_SMD_3225-4Pin_3.2x2.5mm_HandSoldering,C255906
